{"Training Loss":0.4295,"Epoch":1.0,"Step":8822,"Validation Loss":0.3698601425,"Bleu":0.25138,"Mean Len":28.53801}
{"Training Loss":0.3932,"Epoch":2.0,"Step":17644,"Validation Loss":0.3620661795,"Bleu":0.25732,"Mean Len":28.73011}
{"Training Loss":0.3797,"Epoch":3.0,"Step":26466,"Validation Loss":0.3573114872,"Bleu":0.25928,"Mean Len":28.7064}
{"Training Loss":0.3709,"Epoch":4.0,"Step":35288,"Validation Loss":0.3545193076,"Bleu":0.26179,"Mean Len":28.77033}
{"Training Loss":0.3642,"Epoch":5.0,"Step":44110,"Validation Loss":0.3524265587,"Bleu":0.26362,"Mean Len":28.70393}
{"Training Loss":0.3588,"Epoch":6.0,"Step":52932,"Validation Loss":0.3516175449,"Bleu":0.26317,"Mean Len":28.67426}
{"Training Loss":0.3544,"Epoch":7.0,"Step":61754,"Validation Loss":0.35038656,"Bleu":0.26531,"Mean Len":28.75669}
{"Training Loss":0.3505,"Epoch":8.0,"Step":70576,"Validation Loss":0.3493870497,"Bleu":0.26577,"Mean Len":28.75607}
{"Training Loss":0.3474,"Epoch":9.0,"Step":79398,"Validation Loss":0.3491750062,"Bleu":0.26685,"Mean Len":28.82187}
{"Training Loss":0.3445,"Epoch":10.0,"Step":88220,"Validation Loss":0.3486847579,"Bleu":0.26708,"Mean Len":28.74927}
{"Training Loss":0.3424,"Epoch":11.0,"Step":97042,"Validation Loss":0.3471229374,"Bleu":0.26745,"Mean Len":28.77707}
{"Training Loss":0.34,"Epoch":12.0,"Step":105864,"Validation Loss":0.3475653231,"Bleu":0.26745,"Mean Len":28.77293}
{"Training Loss":0.3384,"Epoch":13.0,"Step":114686,"Validation Loss":0.3462512493,"Bleu":0.26739,"Mean Len":28.77112}
{"Training Loss":0.3368,"Epoch":14.0,"Step":123508,"Validation Loss":0.3464869857,"Bleu":0.26793,"Mean Len":28.79351}
{"Training Loss":0.3356,"Epoch":15.0,"Step":132330,"Validation Loss":0.3464845717,"Bleu":0.26868,"Mean Len":28.76814}
{"Training Loss":0.3343,"Epoch":16.0,"Step":141152,"Validation Loss":0.3464948833,"Bleu":0.26861,"Mean Len":28.76996}
{"Training Loss":0.3341,"Epoch":17.0,"Step":149974,"Validation Loss":0.3457564712,"Bleu":0.26867,"Mean Len":28.78784}
{"Training Loss":0.3335,"Epoch":18.0,"Step":158796,"Validation Loss":0.3460814655,"Bleu":0.26846,"Mean Len":28.77667}
