{"Training Loss":0.3862,"Epoch":1,"Validation Loss":0.3528748453,"Bleu":0.26247,"Mean Len":28.79631}
{"Training Loss":0.3649,"Epoch":2,"Validation Loss":0.3487814367,"Bleu":0.26602,"Mean Len":28.89884}
{"Training Loss":0.3558,"Epoch":3,"Validation Loss":0.3458318412,"Bleu":0.26678,"Mean Len":28.78362}
{"Training Loss":0.3496,"Epoch":4,"Validation Loss":0.3444568813,"Bleu":0.26839,"Mean Len":28.86404}
{"Training Loss":0.3446,"Epoch":5,"Validation Loss":0.3431198895,"Bleu":0.26902,"Mean Len":28.82915}
{"Training Loss":0.3405,"Epoch":6,"Validation Loss":0.3428749442,"Bleu":0.26865,"Mean Len":28.7773}
{"Training Loss":0.3373,"Epoch":7,"Validation Loss":0.3420650661,"Bleu":0.27033,"Mean Len":28.91159}
{"Training Loss":0.3342,"Epoch":8,"Validation Loss":0.3415229321,"Bleu":0.27014,"Mean Len":28.87293}
{"Training Loss":0.3317,"Epoch":9,"Validation Loss":0.3416356742,"Bleu":0.27165,"Mean Len":28.94593}
{"Training Loss":0.3293,"Epoch":10,"Validation Loss":0.3413289189,"Bleu":0.27155,"Mean Len":28.90887}
{"Training Loss":0.3277,"Epoch":11,"Validation Loss":0.3402981162,"Bleu":0.27196,"Mean Len":28.95004}
{"Training Loss":0.3258,"Epoch":12,"Validation Loss":0.340851754,"Bleu":0.27209,"Mean Len":28.93142}
{"Training Loss":0.3245,"Epoch":13,"Validation Loss":0.3398084044,"Bleu":0.27176,"Mean Len":28.90856}
{"Training Loss":0.3231,"Epoch":14,"Validation Loss":0.340005815,"Bleu":0.27245,"Mean Len":28.93752}
{"Training Loss":0.3221,"Epoch":15,"Validation Loss":0.3402296007,"Bleu":0.27264,"Mean Len":28.88506}
{"Training Loss":0.3211,"Epoch":16,"Validation Loss":0.3402937353,"Bleu":0.27227,"Mean Len":28.91595}
{"Training Loss":0.3213,"Epoch":17,"Validation Loss":0.3395654261,"Bleu":0.27283,"Mean Len":28.90881}
{"Training Loss":0.3206,"Epoch":18,"Validation Loss":0.3399640918,"Bleu":0.27263,"Mean Len":28.92938}
{"Training Loss":0.32,"Epoch":19,"Validation Loss":0.3398473859,"Bleu":0.27257,"Mean Len":28.90246}
{"Training Loss":0.3199,"Epoch":20,"Validation Loss":0.3398332894,"Bleu":0.27278,"Mean Len":28.91674}
