{"Training Loss":0.3879,"Epoch":1.0,"Step":8822,"Validation Loss":0.3399580121,"Bleu":0.26511,"Mean Len":29.0488}
{"Training Loss":0.3714,"Epoch":2.0,"Step":17644,"Validation Loss":0.335657388,"Bleu":0.26985,"Mean Len":29.10482}
{"Training Loss":0.3631,"Epoch":3.0,"Step":26466,"Validation Loss":0.3331823647,"Bleu":0.27003,"Mean Len":29.03514}
{"Training Loss":0.3571,"Epoch":4.0,"Step":35288,"Validation Loss":0.3314967453,"Bleu":0.27249,"Mean Len":29.08515}
{"Training Loss":0.3519,"Epoch":5.0,"Step":44110,"Validation Loss":0.3305690885,"Bleu":0.27289,"Mean Len":29.05316}
{"Training Loss":0.3476,"Epoch":6.0,"Step":52932,"Validation Loss":0.3301327825,"Bleu":0.27358,"Mean Len":28.99215}
{"Training Loss":0.3441,"Epoch":7.0,"Step":61754,"Validation Loss":0.3296054602,"Bleu":0.27549,"Mean Len":29.06705}
{"Training Loss":0.3408,"Epoch":8.0,"Step":70576,"Validation Loss":0.3289999366,"Bleu":0.27504,"Mean Len":29.0246}
{"Training Loss":0.3379,"Epoch":9.0,"Step":79398,"Validation Loss":0.3289932907,"Bleu":0.27657,"Mean Len":29.12083}
{"Training Loss":0.3354,"Epoch":10.0,"Step":88220,"Validation Loss":0.3288916051,"Bleu":0.27651,"Mean Len":29.06373}
{"Training Loss":0.3334,"Epoch":11.0,"Step":97042,"Validation Loss":0.3279153109,"Bleu":0.27643,"Mean Len":29.08048}
{"Training Loss":0.3312,"Epoch":12.0,"Step":105864,"Validation Loss":0.328567028,"Bleu":0.27691,"Mean Len":29.00901}
{"Training Loss":0.3296,"Epoch":13.0,"Step":114686,"Validation Loss":0.3276827037,"Bleu":0.27719,"Mean Len":29.02256}
{"Training Loss":0.328,"Epoch":14.0,"Step":123508,"Validation Loss":0.3278326392,"Bleu":0.27721,"Mean Len":29.05112}
{"Training Loss":0.3268,"Epoch":15.0,"Step":132330,"Validation Loss":0.3278356791,"Bleu":0.27735,"Mean Len":29.0359}
{"Training Loss":0.3254,"Epoch":16.0,"Step":141152,"Validation Loss":0.328030169,"Bleu":0.27794,"Mean Len":29.05013}
{"Training Loss":0.3245,"Epoch":17.0,"Step":149974,"Validation Loss":0.327572912,"Bleu":0.27768,"Mean Len":29.05398}
{"Training Loss":0.3238,"Epoch":18.0,"Step":158796,"Validation Loss":0.3279210925,"Bleu":0.2777,"Mean Len":29.031}
{"Training Loss":0.3232,"Epoch":19.0,"Step":167618,"Validation Loss":0.327837199,"Bleu":0.27785,"Mean Len":29.03242}
