{"Training Loss":0.4054,"Epoch":1.0,"Step":8822,"Validation Loss":0.3695878983,"Bleu":0.24982,"Mean Len":29.159}
{"Training Loss":0.383,"Epoch":2.0,"Step":17644,"Validation Loss":0.3640352488,"Bleu":0.25525,"Mean Len":29.21001}
{"Training Loss":0.373,"Epoch":3.0,"Step":26466,"Validation Loss":0.3602645099,"Bleu":0.2569,"Mean Len":29.13171}
{"Training Loss":0.3661,"Epoch":4.0,"Step":35288,"Validation Loss":0.3584736884,"Bleu":0.25959,"Mean Len":29.17238}
{"Training Loss":0.3604,"Epoch":5.0,"Step":44110,"Validation Loss":0.3572700322,"Bleu":0.26067,"Mean Len":29.09997}
{"Training Loss":0.3558,"Epoch":6.0,"Step":52932,"Validation Loss":0.3564686477,"Bleu":0.26085,"Mean Len":29.0618}
{"Training Loss":0.3521,"Epoch":7.0,"Step":61754,"Validation Loss":0.3557025492,"Bleu":0.26282,"Mean Len":29.15158}
{"Training Loss":0.3486,"Epoch":8.0,"Step":70576,"Validation Loss":0.3547123969,"Bleu":0.26281,"Mean Len":29.08088}
{"Training Loss":0.3458,"Epoch":9.0,"Step":79398,"Validation Loss":0.3544259369,"Bleu":0.26466,"Mean Len":29.16733}
{"Training Loss":0.3432,"Epoch":10.0,"Step":88220,"Validation Loss":0.3543601632,"Bleu":0.26454,"Mean Len":29.09921}
{"Training Loss":0.3413,"Epoch":11.0,"Step":97042,"Validation Loss":0.3529991806,"Bleu":0.26422,"Mean Len":29.13644}
{"Training Loss":0.3392,"Epoch":12.0,"Step":105864,"Validation Loss":0.3536599576,"Bleu":0.26494,"Mean Len":29.08549}
{"Training Loss":0.3376,"Epoch":13.0,"Step":114686,"Validation Loss":0.3523575068,"Bleu":0.26497,"Mean Len":29.11244}
{"Training Loss":0.3362,"Epoch":14.0,"Step":123508,"Validation Loss":0.3526200652,"Bleu":0.26553,"Mean Len":29.13633}
{"Training Loss":0.3349,"Epoch":15.0,"Step":132330,"Validation Loss":0.3525194824,"Bleu":0.26502,"Mean Len":29.11967}
{"Training Loss":0.3338,"Epoch":16.0,"Step":141152,"Validation Loss":0.3526206613,"Bleu":0.26567,"Mean Len":29.10695}
{"Training Loss":0.334,"Epoch":17.0,"Step":149974,"Validation Loss":0.3519514501,"Bleu":0.26528,"Mean Len":29.10454}
{"Training Loss":0.3332,"Epoch":18.0,"Step":158796,"Validation Loss":0.3523159325,"Bleu":0.26574,"Mean Len":29.10442}
{"Training Loss":0.3325,"Epoch":19.0,"Step":167618,"Validation Loss":0.352193743,"Bleu":0.26557,"Mean Len":29.10516}
{"Training Loss":0.3324,"Epoch":20.0,"Step":176440,"Validation Loss":0.3521930575,"Bleu":0.26574,"Mean Len":29.12077}
