{"Training Loss":0.3252,"Epoch":1.0,"Step":8822,"Validation Loss":0.3308748603,"Bleu":0.27576,"Mean Len":29.01445}
{"Training Loss":0.3211,"Epoch":2.0,"Step":17644,"Validation Loss":0.3308472037,"Bleu":0.27666,"Mean Len":29.04117}
{"Training Loss":0.3178,"Epoch":3.0,"Step":26466,"Validation Loss":0.3302319944,"Bleu":0.27633,"Mean Len":28.95953}
{"Training Loss":0.3152,"Epoch":4.0,"Step":35288,"Validation Loss":0.3304352462,"Bleu":0.27656,"Mean Len":28.9994}
{"Training Loss":0.3127,"Epoch":5.0,"Step":44110,"Validation Loss":0.3307036757,"Bleu":0.27708,"Mean Len":28.97297}
{"Training Loss":0.3105,"Epoch":6.0,"Step":52932,"Validation Loss":0.3311239183,"Bleu":0.27646,"Mean Len":28.9614}
{"Training Loss":0.3087,"Epoch":7.0,"Step":61754,"Validation Loss":0.3313150704,"Bleu":0.27758,"Mean Len":29.03327}
{"Training Loss":0.3069,"Epoch":8.0,"Step":70576,"Validation Loss":0.3311393261,"Bleu":0.27674,"Mean Len":28.97963}
{"Training Loss":0.3055,"Epoch":9.0,"Step":79398,"Validation Loss":0.331703186,"Bleu":0.27844,"Mean Len":29.07243}
{"Training Loss":0.304,"Epoch":10.0,"Step":88220,"Validation Loss":0.3319070935,"Bleu":0.2779,"Mean Len":29.02253}
{"Training Loss":0.3032,"Epoch":11.0,"Step":97042,"Validation Loss":0.3310951293,"Bleu":0.27738,"Mean Len":29.00844}
{"Training Loss":0.302,"Epoch":12.0,"Step":105864,"Validation Loss":0.3322779238,"Bleu":0.27707,"Mean Len":28.97257}
