{"Training Loss":0.4791,"Epoch":1.0,"Step":8822,"Validation Loss":0.3904575706,"Bleu":0.23866,"Mean Len":28.37933}
{"Training Loss":0.4236,"Epoch":2.0,"Step":17644,"Validation Loss":0.3779450357,"Bleu":0.24728,"Mean Len":28.58174}
{"Training Loss":0.4047,"Epoch":3.0,"Step":26466,"Validation Loss":0.3704412282,"Bleu":0.25095,"Mean Len":28.49004}
{"Training Loss":0.393,"Epoch":4.0,"Step":35288,"Validation Loss":0.3662464917,"Bleu":0.255,"Mean Len":28.61362}
{"Training Loss":0.3843,"Epoch":5.0,"Step":44110,"Validation Loss":0.3630107641,"Bleu":0.25741,"Mean Len":28.63212}
{"Training Loss":0.3773,"Epoch":6.0,"Step":52932,"Validation Loss":0.3614683151,"Bleu":0.25688,"Mean Len":28.51277}
{"Training Loss":0.372,"Epoch":7.0,"Step":61754,"Validation Loss":0.3597152531,"Bleu":0.25942,"Mean Len":28.63904}
{"Training Loss":0.3673,"Epoch":8.0,"Step":70576,"Validation Loss":0.3581210375,"Bleu":0.26047,"Mean Len":28.66729}
{"Training Loss":0.3634,"Epoch":9.0,"Step":79398,"Validation Loss":0.3575671613,"Bleu":0.26228,"Mean Len":28.68866}
{"Training Loss":0.3599,"Epoch":10.0,"Step":88220,"Validation Loss":0.3568095863,"Bleu":0.26223,"Mean Len":28.65539}
{"Training Loss":0.3573,"Epoch":11.0,"Step":97042,"Validation Loss":0.3551717103,"Bleu":0.26252,"Mean Len":28.71178}
{"Training Loss":0.3546,"Epoch":12.0,"Step":105864,"Validation Loss":0.3552326858,"Bleu":0.26292,"Mean Len":28.6502}
{"Training Loss":0.3525,"Epoch":13.0,"Step":114686,"Validation Loss":0.3538761735,"Bleu":0.26284,"Mean Len":28.64374}
{"Training Loss":0.3508,"Epoch":14.0,"Step":123508,"Validation Loss":0.3538390696,"Bleu":0.26384,"Mean Len":28.72178}
{"Training Loss":0.3493,"Epoch":15.0,"Step":132330,"Validation Loss":0.3535823524,"Bleu":0.26435,"Mean Len":28.68976}
{"Training Loss":0.3478,"Epoch":16.0,"Step":141152,"Validation Loss":0.3535919189,"Bleu":0.26392,"Mean Len":28.66383}
{"Training Loss":0.3472,"Epoch":17.0,"Step":149974,"Validation Loss":0.3529087305,"Bleu":0.26388,"Mean Len":28.70829}
{"Training Loss":0.3465,"Epoch":18.0,"Step":158796,"Validation Loss":0.3531013429,"Bleu":0.26397,"Mean Len":28.69744}
