{"Training Loss":0.3424,"Epoch":1.0,"Step":8822,"Validation Loss":0.3393523991,"Bleu":0.27001,"Mean Len":28.98252}
{"Training Loss":0.3355,"Epoch":2.0,"Step":17644,"Validation Loss":0.3382426798,"Bleu":0.272,"Mean Len":29.06699}
{"Training Loss":0.331,"Epoch":3.0,"Step":26466,"Validation Loss":0.337025404,"Bleu":0.27182,"Mean Len":28.97121}
{"Training Loss":0.3275,"Epoch":4.0,"Step":35288,"Validation Loss":0.3369707167,"Bleu":0.27224,"Mean Len":29.01394}
{"Training Loss":0.3243,"Epoch":5.0,"Step":44110,"Validation Loss":0.3368034661,"Bleu":0.27338,"Mean Len":29.00414}
{"Training Loss":0.3216,"Epoch":6.0,"Step":52932,"Validation Loss":0.3368877769,"Bleu":0.27249,"Mean Len":28.95911}
{"Training Loss":0.3194,"Epoch":7.0,"Step":61754,"Validation Loss":0.3371023834,"Bleu":0.27407,"Mean Len":29.0395}
{"Training Loss":0.3173,"Epoch":8.0,"Step":70576,"Validation Loss":0.3368476629,"Bleu":0.27351,"Mean Len":29.00813}
{"Training Loss":0.3155,"Epoch":9.0,"Step":79398,"Validation Loss":0.3372178376,"Bleu":0.27456,"Mean Len":29.0518}
{"Training Loss":0.3138,"Epoch":10.0,"Step":88220,"Validation Loss":0.337107718,"Bleu":0.27447,"Mean Len":29.02032}
{"Training Loss":0.3127,"Epoch":11.0,"Step":97042,"Validation Loss":0.3362911046,"Bleu":0.27392,"Mean Len":28.98861}
{"Training Loss":0.3113,"Epoch":12.0,"Step":105864,"Validation Loss":0.337216258,"Bleu":0.2744,"Mean Len":28.95582}
