{"Training Loss":0.5377,"Epoch":1.0,"Step":8822,"Validation Loss":0.416223675,"Bleu":0.22277,"Mean Len":28.10408}
{"Training Loss":0.4573,"Epoch":2.0,"Step":17644,"Validation Loss":0.3968805373,"Bleu":0.23531,"Mean Len":28.32676}
{"Training Loss":0.432,"Epoch":3.0,"Step":26466,"Validation Loss":0.3863739073,"Bleu":0.24101,"Mean Len":28.3437}
{"Training Loss":0.4169,"Epoch":4.0,"Step":35288,"Validation Loss":0.3804516196,"Bleu":0.24562,"Mean Len":28.50061}
{"Training Loss":0.406,"Epoch":5.0,"Step":44110,"Validation Loss":0.3756648004,"Bleu":0.24937,"Mean Len":28.5368}
{"Training Loss":0.3973,"Epoch":6.0,"Step":52932,"Validation Loss":0.3732405007,"Bleu":0.24958,"Mean Len":28.44784}
{"Training Loss":0.3908,"Epoch":7.0,"Step":61754,"Validation Loss":0.370613426,"Bleu":0.25275,"Mean Len":28.51985}
{"Training Loss":0.3851,"Epoch":8.0,"Step":70576,"Validation Loss":0.3684003353,"Bleu":0.25377,"Mean Len":28.55111}
{"Training Loss":0.3805,"Epoch":9.0,"Step":79398,"Validation Loss":0.367421478,"Bleu":0.25551,"Mean Len":28.63051}
{"Training Loss":0.3764,"Epoch":10.0,"Step":88220,"Validation Loss":0.3662163019,"Bleu":0.25567,"Mean Len":28.58089}
{"Training Loss":0.3733,"Epoch":11.0,"Step":97042,"Validation Loss":0.3640759289,"Bleu":0.25627,"Mean Len":28.6557}
{"Training Loss":0.3702,"Epoch":12.0,"Step":105864,"Validation Loss":0.3639565408,"Bleu":0.25656,"Mean Len":28.56026}
{"Training Loss":0.3678,"Epoch":13.0,"Step":114686,"Validation Loss":0.3624720275,"Bleu":0.25705,"Mean Len":28.61302}
{"Training Loss":0.3656,"Epoch":14.0,"Step":123508,"Validation Loss":0.3621963263,"Bleu":0.25776,"Mean Len":28.6338}
{"Training Loss":0.3639,"Epoch":15.0,"Step":132330,"Validation Loss":0.3618404865,"Bleu":0.25831,"Mean Len":28.60772}
{"Training Loss":0.3623,"Epoch":16.0,"Step":141152,"Validation Loss":0.3619866073,"Bleu":0.25832,"Mean Len":28.57443}
{"Training Loss":0.3614,"Epoch":17.0,"Step":149974,"Validation Loss":0.3610950112,"Bleu":0.25837,"Mean Len":28.63909}
{"Training Loss":0.3605,"Epoch":18.0,"Step":158796,"Validation Loss":0.3611357212,"Bleu":0.25859,"Mean Len":28.62351}
{"Training Loss":0.3596,"Epoch":19.0,"Step":167618,"Validation Loss":0.3610339463,"Bleu":0.25866,"Mean Len":28.63552}
{"Training Loss":0.3592,"Epoch":20.0,"Step":176440,"Validation Loss":0.3609713912,"Bleu":0.25868,"Mean Len":28.64675}
